id,name,model_id:id,group_id:id,perm_read,perm_write,perm_create,perm_unlink
access_proximas_assure_user,proximas.assure.user,model_proximas_assure,proximas_medical.group_user,1,0,0,0
access_proximas_assure_admin,proximas.assure.admin,model_proximas_assure,base.group_system,1,1,1,1
acces_proximas_ayant_droit_user,proximas.ayant.droit.user,model_proximas_ayant_droit,proximas_medical.group_user,1,0,0,0
acces_proximas_ayant_droit_admin,proximas.ayant.droit.admin,model_proximas_ayant_droit,base.group_system,1,1,1,1
acces_proximas_adherent_user,proximas.adherent.user,model_proximas_adherent,proximas_medical.group_user,1,0,0,0
acces_proximas_adherent_admin,proximas.adherent.admin,model_proximas_adherent,base.group_system,1,1,1,1
acces_proximas_contrat_user,proximas.contrat.user,model_proximas_contrat,proximas_medical.group_user,1,0,0,0
acces_proximas_contrat_admin,proximas.contrat.admin,model_proximas_contrat,base.group_system,1,1,1,1
acces_proximas_justificatif_enfant_user,proximas.justificatif.enfant.user,model_proximas_justificatif_enfant,proximas_medical.group_user,1,0,0,0
acces_proximas_justificatif_enfant_admin,proximas.justificatif.enfant.admin,model_proximas_justificatif_enfant,base.group_system,1,1,1,1
acces_proximas_pc_user,proximas.pc.user,model_proximas_prise_charge,proximas_medical.group_user,1,0,0,0
acces_proximas_pc_admin,proximas.pc.admin,model_proximas_prise_charge,base.group_system,1,1,1,1
acces_proximas_detail_pc_user,proximas.detail.pc.user,model_proximas_details_pec,proximas_medical.group_user,1,0,0,0
acces_proximas_detail_pc_admin,proximas.detail.pc.admin,model_proximas_details_pec,base.group_system,1,1,1,1
acces_proximas_pathologie_user,proximas.pathologie.user,model_proximas_pathologie,proximas_medical.group_user,1,0,0,0
acces_proximas_pathologie_admin,proximas.pathologie.admin,model_proximas_pathologie,base.group_system,1,1,1,1
acces_proximas_sanction_user,proximas.sanction.user,model_proximas_sanction,proximas_medical.group_user,1,0,0,0
acces_proximas_sanction_admin,proximas.sanction.admin,model_proximas_sanction,base.group_system,1,1,1,1
acces_proximas_deces_user,proximas.deces.user,model_proximas_deces,proximas_medical.group_user,1,0,0,0
acces_proximas_deces_admin,proximas.deces.admin,model_proximas_deces,base.group_system,1,1,1,1
acces_proximas_police_user,proximas.police.user,model_proximas_police,proximas_medical.group_user,1,0,0,0
acces_proximas_police_admin,proximas.police.admin,model_proximas_police,base.group_system,1,1,1,1
acces_proximas_pool_medical_user,proximas.pool.medical.user,model_proximas_pool_medical,proximas_medical.group_user,1,0,0,0
acces_proximas_pool_medical_admin,proximas.pool.medical.admin,model_proximas_pool_medical,base.group_system,1,1,1,1
acces_proximas_prestation_user,proximas.prestation.user,model_proximas_prestation,proximas_medical.group_user,1,0,0,0
acces_proximas_prestation_admin,proximas.prestation.admin,model_proximas_prestation,base.group_system,1,1,1,1
acces_proximas_code_prestation_user,proximas.code.prestation.user,model_proximas_code_prestation,proximas_medical.group_user,1,0,0,0
acces_proximas_code_prestation_admin,proximas.code.prestation.admin,model_proximas_code_prestation,base.group_system,1,1,1,1
acces_proximas_code_medical_user,proximas.code.medical.user,model_proximas_code_medical,proximas_medical.group_user,1,0,0,0
acces_proximas_code_medical_admin,proximas.code.medical.admin,model_proximas_code_medical,base.group_system,1,1,1,1
acces_proximas_rubrique_medicale_user,proximas.rubrique.medicale.user,model_proximas_rubrique_medicale,proximas_medical.group_user,1,0,0,0
acces_proximas_rubrique_medicale_admin,proximas.rubrique.medicale.admin,model_proximas_rubrique_medicale,base.group_system,1,1,1,1
acces_proximas_specialite_user,proximas.specialite.user,model_proximas_specialite,proximas_medical.group_user,1,0,0,0
acces_proximas_specialite_admin,proximas.specialite.admin,model_proximas_specialite,base.group_system,1,1,1,1
acces_proximas_code_medicale_police_user,proximas.code.medical.police.user,model_proximas_code_medical_police,proximas_medical.group_user,1,0,0,0
acces_proximas_code_medical_police_admin,proximas.code.medical.police.admin,model_proximas_code_medical_police,base.group_system,1,1,1,1
acces_proximas_controle_rubrique_user,proximas.controle.rubrique.user,model_proximas_controle_rubrique,proximas_medical.group_user,1,0,0,0
acces_proximas_controle_rubrique_admin,proximas.controle.rubrique.admin,model_proximas_controle_rubrique,base.group_system,1,1,1,1
acces_proximas_controle_antecedent_user,proximas.controle.antecedent.user,model_proximas_controle_antecedent,proximas_medical.group_user,1,0,0,0
acces_proximas_controle_antecedent_admin,proximas.controle.antecedent.admin,model_proximas_controle_antecedent,base.group_system,1,1,1,1
acces_proximas_grade_medecin_user,proximas.grade.medecin.user,model_proximas_grade_medecin,proximas_medical.group_user,1,0,0,0
acces_proximas_grade_medecin_admin,proximas.grade.medecin.admin,model_proximas_grade_medecin,base.group_system,1,1,1,1
acces_proximas_pc_cro,proximas.pc.cro,model_proximas_prise_charge,proximas_medical.group_cro,1,1,1,0
acces_proximas_pc_crs,proximas.pc.crs,model_proximas_prise_charge,proximas_medical.group_crs,1,1,0,0
acces_proximas_pc_pharmacie,proximas.pc.pharmacie,model_proximas_prise_charge,proximas_medical.group_pharmacy,1,1,0,0
acces_proximas_detail_pc_cro,proximas.detail.pc.cro,model_proximas_details_pec,proximas_medical.group_cro,1,1,1,1
acces_proximas_detail_pc_crs,proximas.detail.pc.crs,model_proximas_details_pec,proximas_medical.group_crs,1,1,1,0
acces_proximas_detail_pc_pharmacie,proximas.detail.pc.pharmacie,model_proximas_details_pec,proximas_medical.group_pharmacy,1,1,1,1
access_proximas_facture_user,proximas.facture.user,model_proximas_facture,proximas_medical.group_user,1,1,1,0
access_proximas_facture_admin,proximas.facture.admin,model_proximas_facture,base.group_system,1,1,1,1
access_proximas_statut_reseau_user,proximas.statut.reseau.user,model_proximas_statut_reseau,proximas_medical.group_user,1,0,0,0
access_proximas_statut_reseau_admin,proximas.statut.reseau.admin,model_proximas_statut_reseau,base.group_system,1,1,1,1
access_proximas_categorie_prestataire_user,proximas.categorie.prestataire.user,model_proximas_categorie_prestataire,proximas_medical.group_user,1,0,0,0
access_proximas_categorie_prestataire_admin,proximas.categorie.prestataire.admin,model_proximas_categorie_prestataire,base.group_system,1,1,1,1
access_proximas_standing_user,proximas.standing.user,model_proximas_standing,proximas_medical.group_user,1,0,0,0
access_proximas_standing_admin,proximas.standing.admin,model_proximas_standing,base.group_system,1,1,1,1
access_proximas_medecin_user,proximas.medecin.user,model_proximas_medecin,proximas_medical.group_user,1,0,0,0
access_proximas_medecin_admin,proximas.medecin.admin,model_proximas_medecin,base.group_system,1,1,1,1
access_proximas_exercice_user,proximas.exercice.user,model_proximas_exercice,proximas_medical.group_user,1,0,0,0
access_proximas_exercice_admin,proximas.exercice.admin,model_proximas_exercice,base.group_system,1,1,1,1
access_proximas_zone_user,proximas.zone.user,model_proximas_zone,proximas_medical.group_user,1,0,0,0
access_proximas_zone_admin,proximas.zone.admin,model_proximas_zone,base.group_system,1,1,1,1
access_proximas_localite_user,proximas.localite.user,model_proximas_localite,proximas_medical.group_user,1,0,0,0
access_proximas_localite_admin,proximas.localite.admin,model_proximas_localite,base.group_system,1,1,1,1
access_proximas_membre_user,proximas.membre.user,model_proximas_membre,proximas_medical.group_user,1,0,0,0
access_proximas_membre_admin,proximas.membre.admin,model_proximas_membre,base.group_system,1,1,1,1
access_proximas_membre_organe_user,proximas.membre.organe.user,model_proximas_membre_organe,proximas_medical.group_user,1,0,0,0
access_proximas_membre_organe_admin,proximas.membre.organe.admin,model_proximas_membre_organe,base.group_system,1,1,1,1
access_proximas_cotisation_user,proximas.cotisation.user,model_proximas_cotisation,proximas_medical.group_user,1,0,0,0
access_proximas_cotisation_admin,proximas.cotisation.admin,model_proximas_cotisation,base.group_system,1,1,1,1
access_proximas_classe_therapeutique_user,proximas.classe.therapeutique.user,model_proximas_classe_therapeutique,proximas_medical.group_user,1,0,0,0
access_proximas_classe_therapeutique_admin,proximas.classe.therapeutique.admin,model_proximas_classe_therapeutique,base.group_system,1,1,1,1
access_proximas_molecule_user,proximas.molecule.user,model_proximas_molecule,proximas_medical.group_user,1,0,0,0
access_proximas_molecule_admin,proximas.molecule.admin,model_proximas_molecule,base.group_system,1,1,1,1
access_proximas_forme_galenique_user,proximas.forme.galenique.user,model_proximas_forme_galenique,proximas_medical.group_user,1,0,0,0
access_proximas_forme_galenique_admin,proximas.forme.galenique.admin,model_proximas_forme_galenique,base.group_system,1,1,1,1
access_proximas_voie_therapeutique_user,proximas.voie.therapeutique.user,model_proximas_voie_therapeutique,proximas_medical.group_user,1,0,0,0
access_proximas_voie_therapeutique_admin,proximas.voie.therapeutique.admin,model_proximas_voie_therapeutique,base.group_system,1,1,1,1
access_proximas_produit_pharmacie_user,proximas.produit.pharmacie.user,model_proximas_produit_pharmacie,proximas_medical.group_user,1,0,0,0
access_proximas_produit_pharmacie_admin,proximas.produit.pharmacie.admin,model_proximas_produit_pharmacie,base.group_system,1,0,0,0
access_proximas_organe_user,proximas.organe.user,model_proximas_organe,proximas_medical.group_user,1,0,0,0
access_proximas_organe_admin,proximas.organe.admin,model_proximas_organe,base.group_system,1,1,1,1
access_proximas_organe_exercice_user,proximas.organe.exercice.user,model_proximas_organe_exercice,proximas_medical.group_user,1,0,0,0
access_proximas_organe_exercice_admin,proximas.organe.exercice.admin,model_proximas_organe_exercice,base.group_system,1,1,1,1
acces_proximas_prestation_cro,proximas.prestation.cro,model_proximas_prestation,proximas_medical.group_cro,1,0,0,0
acces_proximas_prestation_crs,proximas.prestation.crs,model_proximas_prestation,proximas_medical.group_crs,1,0,0,0
access_proximas_assure_cro,proximas.assure.cro,model_proximas_assure,proximas_medical.group_cro,1,1,0,0
access_proximas_assure_crs,proximas.assure.crs,model_proximas_assure,proximas_medical.group_crs,1,0,0,0
acces_proximas_sanction_cro,proximas.sanction.cro,model_proximas_sanction,proximas_medical.group_cro,1,0,0,0
acces_proximas_sanction_crs,proximas.sanction.crs,model_proximas_sanction,proximas_medical.group_crs,1,0,0,0
acces_proximas_deces_cro,proximas.deces.cro,model_proximas_deces,proximas_medical.group_cro,1,0,0,0
acces_proximas_deces_crs,proximas.deces.crs,model_proximas_deces,proximas_medical.group_crs,1,0,0,0
acces_proximas_contrat_cro,proximas.contrat.cro,model_proximas_contrat,proximas_medical.group_cro,1,0,0,0
acces_proximas_contrat_crs,proximas.contrat.crs,model_proximas_contrat,proximas_medical.group_crs,1,0,0,0
acces_proximas_adherent_cro,proximas.adherent.cro,model_proximas_adherent,proximas_medical.group_cro,1,0,0,0
acces_proximas_adherent_crs,proximas.adherent.crs,model_proximas_adherent,proximas_medical.group_crs,1,0,0,0
acces_proximas_ayant_droit_cro,proximas.ayant.droit.cro,model_proximas_ayant_droit,proximas_medical.group_cro,1,0,0,0
acces_proximas_ayant_droit_crs,proximas.ayant.droit.crs,model_proximas_ayant_droit,proximas_medical.group_crs,1,0,0,0
acces_proximas_controle_rubrique_cro,proximas.controle.rubrique.cro,model_proximas_controle_rubrique,proximas_medical.group_cro,1,0,0,0
acces_proximas_controle_rubrique_crs,proximas.controle.rubrique.crs,model_proximas_controle_rubrique,proximas_medical.group_crs,1,0,0,0
acces_proximas_pool_medical_cro,proximas.pool.medical.cro,model_proximas_pool_medical,proximas_medical.group_cro,1,0,0,0
acces_proximas_pool_medical_crs,proximas.pool.medical.crs,model_proximas_pool_medical,proximas_medical.group_crs,1,0,0,0
acces_proximas_code_medical_cro,proximas.code.medical.cro,model_proximas_code_medical,proximas_medical.group_cro,1,0,0,0
acces_proximas_code_medical_crs,proximas.code.medical.crs,model_proximas_code_medical,proximas_medical.group_crs,1,0,0,0
acces_proximas_code_medicale_police_cro,proximas.code.medical.police.cro,model_proximas_code_medical_police,proximas_medical.group_cro,1,0,0,0
acces_proximas_code_medicale_police_crs,proximas.code.medical.police.crs,model_proximas_code_medical_police,proximas_medical.group_crs,1,0,0,0
acces_proximas_police_cro,proximas.police.cro,model_proximas_police,proximas_medical.group_cro,1,1,0,0
acces_proximas_police_crs,proximas.police.crs,model_proximas_police,proximas_medical.group_crs,1,1,0,0
acces_proximas_pathologie_cro,proximas.pathologie.cro,model_proximas_pathologie,proximas_medical.group_cro,1,0,0,0
acces_proximas_pathologie_crs,proximas.pathologie.crs,model_proximas_pathologie,proximas_medical.group_crs,1,0,0,0
acces_proximas_controle_antecedent_cro,proximas.controle.antecedent.cro,model_proximas_controle_antecedent,proximas_medical.group_cro,1,0,0,0
acces_proximas_controle_antecedent_crs,proximas.controle.antecedent.crs,model_proximas_controle_antecedent,proximas_medical.group_crs,1,0,0,0
access_proximas_exercice_cro,proximas.exercice.cro,model_proximas_exercice,proximas_medical.group_cro,1,1,0,0
access_proximas_exercice_crs,proximas.exercice.crs,model_proximas_exercice,proximas_medical.group_crs,1,1,0,0
acces_proximas_code_prestation_cro,proximas.code.prestation.cro,model_proximas_code_prestation,proximas_medical.group_cro,1,0,0,0
acces_proximas_code_prestation_crs,proximas.code.prestation.crs,model_proximas_code_prestation,proximas_medical.group_crs,1,0,0,0
access_proximas_produit_pharmacie_cro,proximas.produit.pharmacie.cro,model_proximas_produit_pharmacie,proximas_medical.group_cro,1,0,0,0
access_proximas_produit_pharmacie_crs,proximas.produit.pharmacie.crs,model_proximas_produit_pharmacie,proximas_medical.group_crs,1,0,0,0
access_proximas_groupe_user,proximas.groupe.user,model_proximas_groupe,proximas_medical.group_user,1,0,0,0
access_proximas_groupe_admin,proximas.groupe.admin,model_proximas_groupe,base.group_system,1,1,1,1
access_proximas_prime_user,proximas.prime.user,model_proximas_prime,proximas_medical.group_user,1,0,0,0
access_proximas_prime_admin,proximas.prime.admin,model_proximas_prime,base.group_system,1,1,1,1
acces_proximas_prestation_pharmacie,proximas.prestation.pharmacie,model_proximas_prestation,proximas_medical.group_pharmacy,1,0,0,1
access_proximas_assure_pharmacie,proximas.assure.pharmacie,model_proximas_assure,proximas_medical.group_pharmacy,1,0,0,0
acces_proximas_sanction_pharmacie,proximas.sanction.pharmacie,model_proximas_sanction,proximas_medical.group_pharmacy,1,0,0,0
acces_proximas_deces_pharmacie,proximas.deces.pharmacie,model_proximas_deces,proximas_medical.group_pharmacy,1,0,0,0
acces_proximas_contrat_pharmacie,proximas.contrat.pharmacie,model_proximas_contrat,proximas_medical.group_pharmacy,1,0,0,0
acces_proximas_adherent_pharmacie,proximas.adherent.pharmacie,model_proximas_adherent,proximas_medical.group_pharmacy,1,0,0,0
acces_proximas_ayant_droit_pharmacie,proximas.ayant.droit.pharmacie,model_proximas_ayant_droit,proximas_medical.group_pharmacy,1,0,0,0
acces_proximas_controle_rubrique_pharmacie,proximas.controle.rubrique.pharmacie,model_proximas_controle_rubrique,proximas_medical.group_pharmacy,1,0,0,0
acces_proximas_pool_medical_pharmacie,proximas.pool.medical.pharmacie,model_proximas_pool_medical,proximas_medical.group_pharmacy,1,0,0,0
acces_proximas_code_medical_pharmacy,proximas.code.medical.pharmacy,model_proximas_code_medical,proximas_medical.group_pharmacy,1,0,0,0
acces_proximas_code_medicale_police_pharmacie,proximas.code.medical.police.pharmacie,model_proximas_code_medical_police,proximas_medical.group_pharmacy,1,0,0,0
acces_proximas_police_pharmacie,proximas.police.pharmacie,model_proximas_police,proximas_medical.group_pharmacy,1,1,0,0
acces_proximas_pathologie_pharmacie,proximas.pathologie.pharmacie,model_proximas_pathologie,proximas_medical.group_pharmacy,1,0,0,0
acces_proximas_controle_antecedent_pharmacie,proximas.controle.antecedent.pharmacie,model_proximas_controle_antecedent,proximas_medical.group_pharmacy,1,0,0,0
access_proximas_exercice_pharmacie,proximas.exercice.pharmacie,model_proximas_exercice,proximas_medical.group_pharmacy,1,0,0,0
acces_proximas_code_prestation_pharmacie,proximas.code.prestation.pharmacie,model_proximas_code_prestation,proximas_medical.group_pharmacy,1,0,0,0
access_proximas_produit_pharmacie_pharmacie,proximas.produit.pharmacie.pharmacie,model_proximas_produit_pharmacie,proximas_medical.group_pharmacy,1,0,0,0
access_proximas_facture_cro,proximas.facture.cro,model_proximas_facture,proximas_medical.group_cro,1,1,1,0
access_proximas_facture_crs,proximas.facture.crs,model_proximas_facture,proximas_medical.group_crs,1,1,1,0
access_proximas_facture_pharmacie,proximas.facture.pharmacie,model_proximas_facture,proximas_medical.group_pharmacy,1,1,1,0
access_proximas_localite_cro,proximas.localite.cro,model_proximas_localite,proximas_medical.group_cro,1,0,0,0
access_proximas_localite_crs,proximas.localite.crs,model_proximas_localite,proximas_medical.group_crs,1,0,0,0
access_proximas_groupe_cro,proximas.groupe.cro,model_proximas_groupe,proximas_medical.group_cro,1,0,0,0
access_proximas_groupe_crs,proximas.groupe.crs,model_proximas_groupe,proximas_medical.group_crs,1,0,0,0
acces_proximas_justificatif_enfant_cro,proximas.justificatif.enfant.cro,model_proximas_justificatif_enfant,proximas_medical.group_cro,1,0,0,0
acces_proximas_justificatif_enfant_crs,proximas.justificatif.enfant.crs,model_proximas_justificatif_enfant,proximas_medical.group_crs,1,0,0,0
acces_proximas_justificatif_enfant_pharmacy,proximas.justificatif.enfant.pharmacy,model_proximas_justificatif_enfant,proximas_medical.group_pharmacy,1,0,0,0
access_proximas_assure_manager,proximas.assure.manager,model_proximas_assure,proximas_medical.group_manager,1,1,1,0
acces_proximas_ayant_droit_manager,proximas.ayant.droit.manager,model_proximas_ayant_droit,proximas_medical.group_manager,1,1,1,0
acces_proximas_adherent_manager,proximas.adherent.manager,model_proximas_adherent,proximas_medical.group_manager,1,1,1,0
acces_proximas_contrat_manager,proximas.contrat.manager,model_proximas_contrat,proximas_medical.group_manager,1,1,1,0
acces_proximas_justificatif_enfant_manager,proximas.justificatif.enfant.manager,model_proximas_justificatif_enfant,proximas_medical.group_manager,1,1,1,0
acces_proximas_pc_manager,proximas.pc.manager,model_proximas_prise_charge,proximas_medical.group_manager,1,1,1,0
acces_proximas_detail_pc_manager,proximas.detail.pc.manager,model_proximas_details_pec,proximas_medical.group_manager,1,1,1,1
acces_proximas_pathologie_manager,proximas.pathologie.manager,model_proximas_pathologie,proximas_medical.group_manager,1,1,1,0
acces_proximas_sanction_manager,proximas.sanction.manager,model_proximas_sanction,proximas_medical.group_manager,1,1,1,0
acces_proximas_deces_manager,proximas.deces.manager,model_proximas_deces,proximas_medical.group_manager,1,1,1,0
acces_proximas_police_manager,proximas.police.manager,model_proximas_police,proximas_medical.group_manager,1,1,1,0
acces_proximas_pool_medical_manager,proximas.pool.medical.manager,model_proximas_pool_medical,proximas_medical.group_manager,1,1,1,0
acces_proximas_prestation_manager,proximas.prestation.manager,model_proximas_prestation,proximas_medical.group_manager,1,1,1,0
acces_proximas_code_prestation_manager,proximas.code.prestation.manager,model_proximas_code_prestation,proximas_medical.group_manager,1,1,1,0
acces_proximas_code_medical_manager,proximas.code.medical.manager,model_proximas_code_medical,proximas_medical.group_manager,1,1,1,0
acces_proximas_rubrique_medicale_manager,proximas.rubrique.medicale.manager,model_proximas_rubrique_medicale,proximas_medical.group_manager,1,1,1,0
acces_proximas_specialite_manager,proximas.specialite.manager,model_proximas_specialite,proximas_medical.group_manager,1,1,1,0
acces_proximas_code_medicale_police_manager,proximas.code.medical.police.manager,model_proximas_code_medical_police,proximas_medical.group_manager,1,1,1,0
acces_proximas_controle_rubrique_manager,proximas.controle.rubrique.manager,model_proximas_controle_rubrique,proximas_medical.group_manager,1,1,1,0
acces_proximas_controle_antecedent_manager,proximas.controle.antecedent.manager,model_proximas_controle_antecedent,proximas_medical.group_manager,1,1,1,0
acces_proximas_grade_medecin_manager,proximas.grade.medecin.manager,model_proximas_grade_medecin,proximas_medical.group_manager,1,1,1,0
access_proximas_facture_manager,proximas.facture.manager,model_proximas_facture,proximas_medical.group_manager,1,1,1,0
access_proximas_statut_reseau_manager,proximas.statut.reseau.manager,model_proximas_statut_reseau,proximas_medical.group_manager,1,1,1,0
access_proximas_standing_manager,proximas.standing.manager,model_proximas_standing,proximas_medical.group_manager,1,1,1,0
access_proximas_medecin_manager,proximas.medecin.manager,model_proximas_medecin,proximas_medical.group_manager,1,1,1,0
access_proximas_zone_manager,proximas.zone.manager,model_proximas_zone,proximas_medical.group_manager,1,1,1,0
access_proximas_exercice_manager,proximas.exercice.manager,model_proximas_exercice,proximas_medical.group_manager,1,1,1,0
access_proximas_localite_manager,proximas.localite.manager,model_proximas_localite,proximas_medical.group_manager,1,1,1,0
access_proximas_membre_manager,proximas.membre.manager,model_proximas_membre,proximas_medical.group_manager,1,1,1,0
access_proximas_membre_organe_manager,proximas.membre.organe.manager,model_proximas_membre_organe,proximas_medical.group_manager,1,1,1,0
access_proximas_cotisation_manager,proximas.cotisation.manager,model_proximas_cotisation,proximas_medical.group_manager,1,1,1,0
access_proximas_categorie_prestataire_manager,proximas.categorie.prestataire.manager,model_proximas_categorie_prestataire,proximas_medical.group_manager,1,1,1,0
access_proximas_classe_therapeutique_manager,proximas.classe.therapeutique.manager,model_proximas_classe_therapeutique,proximas_medical.group_manager,1,1,1,0
access_proximas_molecule_manager,proximas.molecule.manager,model_proximas_molecule,proximas_medical.group_manager,1,1,1,0
access_proximas_forme_galenique_manager,proximas.forme.galenique.manager,model_proximas_forme_galenique,proximas_medical.group_manager,1,1,1,0
access_proximas_voie_therapeutique_manager,proximas.voie.therapeutique.manager,model_proximas_voie_therapeutique,proximas_medical.group_manager,1,1,1,0
access_proximas_produit_pharmacie_manager,proximas.produit.pharmacie.manager,model_proximas_produit_pharmacie,proximas_medical.group_manager,1,1,1,0
access_proximas_organe_manager,proximas.organe.manager,model_proximas_organe,proximas_medical.group_manager,1,1,1,0
access_proximas_organe_exercice_manager,proximas.organe.exercice.manager,model_proximas_organe_exercice,proximas_medical.group_manager,1,1,1,0
access_proximas_groupe_manager,proximas.groupe.manager,model_proximas_groupe,proximas_medical.group_manager,1,1,1,0
access_proximas_prime_manager,proximas.prime.manager,model_proximas_prime,proximas_medical.group_manager,1,1,1,0
access_proximas_assure_admin_sam,proximas.assure.admin_sam,model_proximas_assure,proximas_medical.group_admin,1,1,1,1
acces_proximas_ayant_droit_admin_sam,proximas.ayant.droit.admin_sam,model_proximas_ayant_droit,proximas_medical.group_admin,1,1,1,1
acces_proximas_adherent_admin_sam,proximas.adherent.admin_sam,model_proximas_adherent,proximas_medical.group_admin,1,1,1,1
acces_proximas_contrat_admin_sam,proximas.contrat.admin_sam,model_proximas_contrat,proximas_medical.group_admin,1,1,1,1
acces_proximas_justificatif_enfant_admin_sam,proximas.justificatif.enfant.admin_sam,model_proximas_justificatif_enfant,proximas_medical.group_admin,1,1,1,1
acces_proximas_pc_admin_sam,proximas.pc.admin_sam,model_proximas_prise_charge,proximas_medical.group_admin,1,1,1,1
acces_proximas_detail_pc_admin_sam,proximas.detail.pc.admin_sam,model_proximas_details_pec,proximas_medical.group_admin,1,1,1,1
acces_proximas_pathologie_admin_sam,proximas.pathologie.admin_sam,model_proximas_pathologie,proximas_medical.group_admin,1,1,1,1
acces_proximas_sanction_admin_sam,proximas.sanction.admin_sam,model_proximas_sanction,proximas_medical.group_admin,1,1,1,1
acces_proximas_deces_admin_sam,proximas.deces.admin_sam,model_proximas_deces,proximas_medical.group_admin,1,1,1,1
acces_proximas_police_admin_sam,proximas.police.admin_sam,model_proximas_police,proximas_medical.group_admin,1,1,1,1
acces_proximas_pool_medical_admin_sam,proximas.pool.medical.admin_sam,model_proximas_pool_medical,proximas_medical.group_admin,1,1,1,1
acces_proximas_prestation_admin_sam,proximas.prestation.admin_sam,model_proximas_prestation,proximas_medical.group_admin,1,1,1,1
acces_proximas_code_prestation_admin_sam,proximas.code.prestation.admin_sam,model_proximas_code_prestation,proximas_medical.group_admin,1,1,1,1
acces_proximas_code_medical_admin_sam,proximas.code.medical.admin_sam,model_proximas_code_medical,proximas_medical.group_admin,1,1,1,1
acces_proximas_rubrique_medicale_admin_sam,proximas.rubrique.medicale.admin_sam,model_proximas_rubrique_medicale,proximas_medical.group_admin,1,1,1,1
acces_proximas_specialite_admin_sam,proximas.specialite.admin_sam,model_proximas_specialite,proximas_medical.group_admin,1,1,1,1
acces_proximas_code_medicale_police_admin_sam,proximas.code.medical.police.admin_sam,model_proximas_code_medical_police,proximas_medical.group_admin,1,1,1,1
acces_proximas_controle_rubrique_admin_sam,proximas.controle.rubrique.admin_sam,model_proximas_controle_rubrique,proximas_medical.group_admin,1,1,1,1
acces_proximas_controle_antecedent_admin_sam,proximas.controle.antecedent.admin_sam,model_proximas_controle_antecedent,proximas_medical.group_admin,1,1,1,1
acces_proximas_grade_medecin_admin_sam,proximas.grade.medecin.admin_sam,model_proximas_grade_medecin,proximas_medical.group_admin,1,1,1,1
access_proximas_facture_admin_sam,proximas.facture.admin_sam,model_proximas_facture,proximas_medical.group_admin,1,1,1,1
access_proximas_statut_reseau_admin_sam,proximas.statut.reseau.admin_sam,model_proximas_statut_reseau,proximas_medical.group_admin,1,1,1,1
access_proximas_standing_admin_sam,proximas.standing.admin_sam,model_proximas_standing,proximas_medical.group_admin,1,1,1,1
access_proximas_medecin_admin_sam,proximas.medecin.admin_sam,model_proximas_medecin,proximas_medical.group_admin,1,1,1,1
access_proximas_zone_admin_sam,proximas.zone.admin_sam,model_proximas_zone,proximas_medical.group_admin,1,1,1,1
access_proximas_exercice_admin_sam,proximas.exercice.admin_sam,model_proximas_exercice,proximas_medical.group_admin,1,1,1,1
access_proximas_localite_admin_sam,proximas.localite.admin_sam,model_proximas_localite,proximas_medical.group_admin,1,1,1,1
access_proximas_membre_admin_sam,proximas.membre.admin_sam,model_proximas_membre,proximas_medical.group_admin,1,1,1,1
access_proximas_membre_organe_admin_sam,proximas.membre.organe.admin_sam,model_proximas_membre_organe,proximas_medical.group_admin,1,1,1,1
access_proximas_cotisation_admin_sam,proximas.cotisation.admin_sam,model_proximas_cotisation,proximas_medical.group_admin,1,1,1,1
access_proximas_categorie_prestataire_admin_sam,proximas.categorie.prestataire.admin_sam,model_proximas_categorie_prestataire,proximas_medical.group_admin,1,1,1,1
access_proximas_classe_therapeutique_admin_sam,proximas.classe.therapeutique.admin_sam,model_proximas_classe_therapeutique,proximas_medical.group_admin,1,1,1,1
access_proximas_molecule_admin_sam,proximas.molecule.admin_sam,model_proximas_molecule,proximas_medical.group_admin,1,1,1,1
access_proximas_forme_galenique_admin_sam,proximas.forme.galenique.admin_sam,model_proximas_forme_galenique,proximas_medical.group_admin,1,1,1,1
access_proximas_voie_therapeutique_admin_sam,proximas.voie.therapeutique.admin_sam,model_proximas_voie_therapeutique,proximas_medical.group_admin,1,1,1,1
access_proximas_produit_pharmacie_admin_sam,proximas.produit.pharmacie.admin_sam,model_proximas_produit_pharmacie,proximas_medical.group_admin,1,1,1,1
access_proximas_organe_admin_sam,proximas.organe.admin_sam,model_proximas_organe,proximas_medical.group_admin,1,1,1,1
access_proximas_organe_exercice_admin_sam,proximas.organe.exercice.admin_sam,model_proximas_organe_exercice,proximas_medical.group_admin,1,1,1,1
access_proximas_groupe_admin_sam,proximas.groupe.admin_sam,model_proximas_groupe,proximas_medical.group_admin,1,1,1,1
access_proximas_prime_admin_sam,proximas.prime.admin_sam,model_proximas_prime,proximas_medical.group_admin,1,1,1,1
access_proximas_assure_operator,proximas.assure.operator,model_proximas_assure,proximas_medical.group_operator,1,1,1,0
acces_proximas_ayant_droit_operator,proximas.ayant.droit.operator,model_proximas_ayant_droit,proximas_medical.group_operator,1,1,1,0
acces_proximas_adherent_operator,proximas.adherent.operator,model_proximas_adherent,proximas_medical.group_operator,1,1,1,0
acces_proximas_contrat_operator,proximas.contrat.operator,model_proximas_contrat,proximas_medical.group_operator,1,1,1,0
acces_proximas_justificatif_enfant_operator,proximas.justificatif.enfant.operator,model_proximas_justificatif_enfant,proximas_medical.group_operator,1,1,1,0
acces_proximas_pc_operator,proximas.pc.operator,model_proximas_prise_charge,proximas_medical.group_operator,1,1,1,0
acces_proximas_detail_pc_operator,proximas.detail.pc.operator,model_proximas_details_pec,proximas_medical.group_operator,1,1,1,0
acces_proximas_pathologie_operator,proximas.pathologie.operator,model_proximas_pathologie,proximas_medical.group_operator,1,1,1,0
acces_proximas_sanction_operator,proximas.sanction.operator,model_proximas_sanction,proximas_medical.group_operator,1,1,1,0
acces_proximas_deces_operator,proximas.deces.operator,model_proximas_deces,proximas_medical.group_operator,1,1,1,0
acces_proximas_police_operator,proximas.police.operator,model_proximas_police,proximas_medical.group_operator,1,1,1,0
acces_proximas_pool_medical_operator,proximas.pool.medical.operator,model_proximas_pool_medical,proximas_medical.group_operator,1,1,1,0
acces_proximas_prestation_operator,proximas.prestation.operator,model_proximas_prestation,proximas_medical.group_operator,1,1,1,0
acces_proximas_code_prestation_operator,proximas.code.prestation.operator,model_proximas_code_prestation,proximas_medical.group_operator,1,1,1,0
acces_proximas_code_medical_operator,proximas.code.medical.operator,model_proximas_code_medical,proximas_medical.group_operator,1,1,1,0
acces_proximas_rubrique_medicale_operator,proximas.rubrique.medicale.operator,model_proximas_rubrique_medicale,proximas_medical.group_operator,1,1,1,0
acces_proximas_specialite_operator,proximas.specialite.operator,model_proximas_specialite,proximas_medical.group_operator,1,1,1,0
acces_proximas_code_medicale_police_operator,proximas.code.medical.police.operator,model_proximas_code_medical_police,proximas_medical.group_operator,1,1,1,0
acces_proximas_controle_rubrique_operator,proximas.controle.rubrique.operator,model_proximas_controle_rubrique,proximas_medical.group_operator,1,1,1,0
acces_proximas_controle_antecedent_operator,proximas.controle.antecedent.operator,model_proximas_controle_antecedent,proximas_medical.group_operator,1,1,1,0
acces_proximas_grade_medecin_operator,proximas.grade.medecin.operator,model_proximas_grade_medecin,proximas_medical.group_operator,1,1,1,0
access_proximas_facture_operator,proximas.facture.operator,model_proximas_facture,proximas_medical.group_operator,1,1,1,0
access_proximas_statut_reseau_operator,proximas.statut.reseau.operator,model_proximas_statut_reseau,proximas_medical.group_operator,1,1,1,0
access_proximas_standing_operator,proximas.standing.operator,model_proximas_standing,proximas_medical.group_operator,1,1,1,0
access_proximas_medecin_operator,proximas.medecin.operator,model_proximas_medecin,proximas_medical.group_operator,1,1,1,0
access_proximas_zone_operator,proximas.zone.operator,model_proximas_zone,proximas_medical.group_operator,1,1,1,0
access_proximas_exercice_operator,proximas.exercice.operator,model_proximas_exercice,proximas_medical.group_operator,1,1,1,0
access_proximas_localite_operator,proximas.localite.operator,model_proximas_localite,proximas_medical.group_operator,1,1,1,0
access_proximas_membre_operator,proximas.membre.operator,model_proximas_membre,proximas_medical.group_operator,1,1,1,0
access_proximas_membre_organe_operator,proximas.membre.organe.operator,model_proximas_membre_organe,proximas_medical.group_operator,1,1,1,0
access_proximas_cotisation_operator,proximas.cotisation.operator,model_proximas_cotisation,proximas_medical.group_operator,1,1,1,0
access_proximas_categorie_prestataire_operator,proximas.categorie.prestataire.operator,model_proximas_categorie_prestataire,proximas_medical.group_operator,1,1,1,0
access_proximas_classe_therapeutique_operator,proximas.classe.therapeutique.operator,model_proximas_classe_therapeutique,proximas_medical.group_operator,1,1,1,0
access_proximas_molecule_operator,proximas.molecule.operator,model_proximas_molecule,proximas_medical.group_operator,1,1,1,0
access_proximas_forme_galenique_operator,proximas.forme.galenique.operator,model_proximas_forme_galenique,proximas_medical.group_operator,1,1,1,0
access_proximas_voie_therapeutique_operator,proximas.voie.therapeutique.operator,model_proximas_voie_therapeutique,proximas_medical.group_operator,1,1,1,0
access_proximas_produit_pharmacie_operator,proximas.produit.pharmacie.operator,model_proximas_produit_pharmacie,proximas_medical.group_operator,1,1,1,0
access_proximas_organe_operator,proximas.organe.operator,model_proximas_organe,proximas_medical.group_operator,1,1,1,0
access_proximas_organe_exercice_operator,proximas.organe.exercice.operator,model_proximas_organe_exercice,proximas_medical.group_operator,1,1,1,0
access_proximas_groupe_operator,proximas.groupe.operator,model_proximas_groupe,proximas_medical.group_operator,1,1,1,0
access_proximas_prime_operator,proximas.prime.operator,model_proximas_prime,proximas_medical.group_operator,1,1,1,0
access_proximas_assure_medecin,proximas.assure.medecin,model_proximas_assure,proximas_medical.group_medecin,1,0,0,0
acces_proximas_ayant_droit_medecin,proximas.ayant.droit.medecin,model_proximas_ayant_droit,proximas_medical.group_medecin,1,0,0,0
acces_proximas_adherent_medecin,proximas.adherent.medecin,model_proximas_adherent,proximas_medical.group_medecin,1,0,0,0
acces_proximas_contrat_medecin,proximas.contrat.medecin,model_proximas_contrat,proximas_medical.group_medecin,1,0,0,0
acces_proximas_justificatif_enfant_medecin,proximas.justificatif.enfant.medecin,model_proximas_justificatif_enfant,proximas_medical.group_medecin,1,0,0,0
acces_proximas_pc_medecin,proximas.pc.medecin,model_proximas_prise_charge,proximas_medical.group_medecin,1,1,0,0
acces_proximas_detail_pc_medecin,proximas.detail.pc.medecin,model_proximas_details_pec,proximas_medical.group_medecin,1,1,1,1
acces_proximas_pathologie_medecin,proximas.pathologie.medecin,model_proximas_pathologie,proximas_medical.group_medecin,1,1,1,0
acces_proximas_sanction_medecin,proximas.sanction.medecin,model_proximas_sanction,proximas_medical.group_medecin,1,0,0,0
acces_proximas_deces_medecin,proximas.deces.medecin,model_proximas_deces,proximas_medical.group_medecin,1,0,0,0
acces_proximas_police_medecin,proximas.police.medecin,model_proximas_police,proximas_medical.group_medecin,1,0,0,0
acces_proximas_pool_medical_operator,proximas.pool.medical.medecin,model_proximas_pool_medical,proximas_medical.group_medecin,1,1,0,0
acces_proximas_prestation_medecin,proximas.prestation.medecin,model_proximas_prestation,proximas_medical.group_medecin,1,1,1,0
acces_proximas_code_prestation_medecin,proximas.code.prestation.medecin,model_proximas_code_prestation,proximas_medical.group_medecin,1,1,1,0
acces_proximas_code_medical_medecin,proximas.code.medical.medecin,model_proximas_code_medical,proximas_medical.group_medecin,1,1,1,0
acces_proximas_rubrique_medicale_medecin,proximas.rubrique.medicale.medecin,model_proximas_rubrique_medicale,proximas_medical.group_medecin,1,1,1,0
acces_proximas_specialite_medecin,proximas.specialite.medecin,model_proximas_specialite,proximas_medical.group_medecin,1,1,1,0
acces_proximas_code_medicale_police_medecin,proximas.code.medical.police.medecin,model_proximas_code_medical_police,proximas_medical.group_medecin,1,1,1,0
acces_proximas_controle_rubrique_medecin,proximas.controle.rubrique.medecin,model_proximas_controle_rubrique,proximas_medical.group_medecin,1,1,1,0
acces_proximas_controle_antecedent_medecin,proximas.controle.antecedent.medecin,model_proximas_controle_antecedent,proximas_medical.group_medecin,1,1,1,0
acces_proximas_grade_medecin_medecin,proximas.grade.medecin.medecin,model_proximas_grade_medecin,proximas_medical.group_medecin,1,1,1,0
access_proximas_facture_medecin,proximas.facture.medecin,model_proximas_facture,proximas_medical.group_medecin,1,0,0,0
access_proximas_statut_reseau_medecin,proximas.statut.reseau.medecin,model_proximas_statut_reseau,proximas_medical.group_medecin,1,1,1,0
access_proximas_standing_medecin,proximas.standing.medecin,model_proximas_standing,proximas_medical.group_medecin,1,1,1,0
access_proximas_medecin_medecin,proximas.medecin.medecin,model_proximas_medecin,proximas_medical.group_medecin,1,1,1,0
access_proximas_zone_medecin,proximas.zone.medecin,model_proximas_zone,proximas_medical.group_medecin,1,0,0,0
access_proximas_exercice_medecin,proximas.exercice.medecin,model_proximas_exercice,proximas_medical.group_medecin,1,0,0,0
access_proximas_localite_medecin,proximas.localite.medecin,model_proximas_localite,proximas_medical.group_medecin,1,0,0,0
access_proximas_membre_medecin,proximas.membre.medecin,model_proximas_membre,proximas_medical.group_medecin,1,0,0,0
access_proximas_membre_organe_medecin,proximas.membre.organe.medecin,model_proximas_membre_organe,proximas_medical.group_medecin,1,0,0,0
access_proximas_cotisation_medecin,proximas.cotisation.medecin,model_proximas_cotisation,proximas_medical.group_medecin,1,0,0,0
access_proximas_categorie_prestataire_medecin,proximas.categorie.prestataire.medecin,model_proximas_categorie_prestataire,proximas_medical.group_medecin,1,0,0,0
access_proximas_classe_therapeutique_medecin,proximas.classe.therapeutique.medecin,model_proximas_classe_therapeutique,proximas_medical.group_medecin,1,1,1,0
access_proximas_molecule_medecin,proximas.molecule.medecin,model_proximas_molecule,proximas_medical.group_medecin,1,1,1,0
access_proximas_forme_galenique_medecin,proximas.forme.galenique.medecin,model_proximas_forme_galenique,proximas_medical.group_medecin,1,1,1,0
access_proximas_voie_therapeutique_medecin,proximas.voie.therapeutique.medecin,model_proximas_voie_therapeutique,proximas_medical.group_medecin,1,1,1,0
access_proximas_produit_pharmacie_medecin,proximas.produit.pharmacie.medecin,model_proximas_produit_pharmacie,proximas_medical.group_medecin,1,1,1,0
access_proximas_organe_medecin,proximas.organe.medecin,model_proximas_organe,proximas_medical.group_medecin,1,0,0,0
access_proximas_organe_exercice_medecin,proximas.organe.exercice.medecin,model_proximas_organe_exercice,proximas_medical.group_medecin,1,0,0,0
access_proximas_groupe_medecin,proximas.groupe.medecin,model_proximas_groupe,proximas_medical.group_medecin,1,0,0,0
access_proximas_prime_medecin,proximas.prime.medecin,model_proximas_prime,proximas_medical.group_medecin,1,0,0,0
access_proximas_assure_controle,proximas.assure.controle,model_proximas_assure,proximas_medical.group_control,1,0,0,0
acces_proximas_ayant_droit_controle,proximas.ayant.droit.controle,model_proximas_ayant_droit,proximas_medical.group_control,1,0,0,0
acces_proximas_adherent_controle,proximas.adherent.controle,model_proximas_adherent,proximas_medical.group_control,1,0,0,0
acces_proximas_contrat_controle,proximas.contrat.controle,model_proximas_contrat,proximas_medical.group_control,1,0,0,0
acces_proximas_justificatif_enfant_controle,proximas.justificatif.enfant.controle,model_proximas_justificatif_enfant,proximas_medical.group_control,1,0,0,0
acces_proximas_pc_controle,proximas.pc.controle,model_proximas_prise_charge,proximas_medical.group_control,1,0,0,0
acces_proximas_detail_pc_controle,proximas.detail.pc.controle,model_proximas_details_pec,proximas_medical.group_control,1,0,0,0
acces_proximas_pathologie_controle,proximas.pathologie.controle,model_proximas_pathologie,proximas_medical.group_control,1,0,0,0
acces_proximas_sanction_controle,proximas.sanction.controle,model_proximas_sanction,proximas_medical.group_control,1,0,0,0
acces_proximas_deces_controle,proximas.deces.controle,model_proximas_deces,proximas_medical.group_control,1,0,0,0
acces_proximas_police_controle,proximas.police.controle,model_proximas_police,proximas_medical.group_control,1,0,0,0
acces_proximas_pool_medical_controle,proximas.pool.medical.controle,model_proximas_pool_medical,proximas_medical.group_control,1,0,0,0
acces_proximas_prestation_controle,proximas.prestation.controle,model_proximas_prestation,proximas_medical.group_control,1,0,0,0
acces_proximas_code_prestation_controle,proximas.code.prestation.controle,model_proximas_code_prestation,proximas_medical.group_control,1,0,0,0
acces_proximas_code_medical_controle,proximas.code.medical.controle,model_proximas_code_medical,proximas_medical.group_control,1,0,0,0
acces_proximas_rubrique_medicale_controle,proximas.rubrique.medicale.controle,model_proximas_rubrique_medicale,proximas_medical.group_control,1,0,0,0
acces_proximas_specialite_controle,proximas.specialite.controle,model_proximas_specialite,proximas_medical.group_control,1,0,0,0
acces_proximas_code_medicale_police_controle,proximas.code.medical.police.controle,model_proximas_code_medical_police,proximas_medical.group_control,1,0,0,0
acces_proximas_controle_rubrique_controle,proximas.controle.rubrique.controle,model_proximas_controle_rubrique,proximas_medical.group_control,1,0,0,0
acces_proximas_controle_antecedent_controle,proximas.controle.antecedent.controle,model_proximas_controle_antecedent,proximas_medical.group_control,1,0,0,0
acces_proximas_grade_medecin_controle,proximas.grade.medecin.controle,model_proximas_grade_medecin,proximas_medical.group_control,1,0,0,0
access_proximas_facture_controle,proximas.facture.controle,model_proximas_facture,proximas_medical.group_control,1,0,0,0
access_proximas_statut_reseau_controle,proximas.statut.reseau.controle,model_proximas_statut_reseau,proximas_medical.group_control,1,0,0,0
access_proximas_standing_controle,proximas.standing.controle,model_proximas_standing,proximas_medical.group_control,1,0,0,0
access_proximas_medecin_controle,proximas.medecin.controle,model_proximas_medecin,proximas_medical.group_control,1,0,0,0
access_proximas_zone_controle,proximas.zone.controle,model_proximas_zone,proximas_medical.group_control,1,0,0,0
access_proximas_exercice_controle,proximas.exercice.controle,model_proximas_exercice,proximas_medical.group_control,1,0,0,0
access_proximas_localite_controle,proximas.localite.controle,model_proximas_localite,proximas_medical.group_control,1,0,0,0
access_proximas_membre_controle,proximas.membre.controle,model_proximas_membre,proximas_medical.group_control,1,0,0,0
access_proximas_membre_organe_controle,proximas.membre.organe.controle,model_proximas_membre_organe,proximas_medical.group_control,1,0,0,0
access_proximas_cotisation_controle,proximas.cotisation.controle,model_proximas_cotisation,proximas_medical.group_control,1,0,0,0
access_proximas_categorie_prestataire_controle,proximas.categorie.prestataire.controle,model_proximas_categorie_prestataire,proximas_medical.group_control,1,0,0,0
access_proximas_classe_therapeutique_controle,proximas.classe.therapeutique.controle,model_proximas_classe_therapeutique,proximas_medical.group_control,1,0,0,0
access_proximas_molecule_controle,proximas.molecule.controle,model_proximas_molecule,proximas_medical.group_control,1,0,0,0
access_proximas_forme_galenique_controle,proximas.forme.galenique.controle,model_proximas_forme_galenique,proximas_medical.group_control,1,0,0,0
access_proximas_voie_therapeutique_controle,proximas.voie.therapeutique.controle,model_proximas_voie_therapeutique,proximas_medical.group_control,1,0,0,0
access_proximas_produit_pharmacie_controle,proximas.produit.pharmacie.controle,model_proximas_produit_pharmacie,proximas_medical.group_control,1,0,0,0
access_proximas_organe_controle,proximas.organe.controle,model_proximas_organe,proximas_medical.group_control,1,0,0,0
access_proximas_organe_exercice_controle,proximas.organe.exercice.controle,model_proximas_organe_exercice,proximas_medical.group_control,1,0,0,0
access_proximas_groupe_controle,proximas.groupe.controle,model_proximas_groupe,proximas_medical.group_control,1,0,0,0
access_proximas_prime_controle,proximas.prime.controle,model_proximas_prime,proximas_medical.group_control,1,0,0,0
access_proximas_prime_contrat_admin,proximas.prime.contrat.admin,model_proximas_prime_contrat,proximas_medical.group_admin,1,1,1,0
access_proximas_prime_contrat_manager,proximas.prime.contrat.manager,model_proximas_prime_contrat,proximas_medical.group_manager,1,1,1,0
access_proximas_prime_contrat_controle,proximas.prime.contrat.controle,model_proximas_prime_contrat,proximas_medical.group_control,1,1,1,0
access_proximas_remboursement_pec_admin,proximas.remboursement.pec.admin,model_proximas_remboursement_pec,proximas_medical.group_admin,1,1,1,1
access_proximas_remboursement_pec_manager,proximas.remboursement.pec.manager,model_proximas_remboursement_pec,proximas_medical.group_manager,1,1,1,0
access_proximas_remboursement_pec_operator,proximas.remboursement.pec.operator,model_proximas_remboursement_pec,proximas_medical.group_operator,1,1,1,0
access_proximas_remboursement_pec_controle,proximas.remboursement.pec.controle,model_proximas_remboursement_pec,proximas_medical.group_control,1,0,0,0
access_proximas_medecin_cro,proximas.medecin.cro,model_proximas_medecin,proximas_medical.group_cro,1,0,0,0
access_proximas_medecin_crs,proximas.medecin.crs,model_proximas_medecin,proximas_medical.group_crs,1,0,0,0
access_proximas_medecin_pharmacy,proximas.medecin.pharmacy,model_proximas_medecin,proximas_medical.group_pharmacy,1,0,0,0
access_proximas_sms_user_admin,proximas.sms.user,model_proximas_sms_user,proximas_medical.group_admin,1,1,1,1